hotel_name,score,n_reviews,total_price,category,city_center_dist,neighborhood,free_cancellation,price_per_night
New Generation Hostel Florence Center,8.3,949,145,Hotel,0.7,Santa Maria Novella,True,145.0
Le Camere Dei Conti,9.0,238,109,Hotel,0.7,Centro storico di Firenze,True,109.0
1suite firenze,8.5,563,108,Hotel,0.9,Santa Maria Novella,True,108.0
Hotel Franchi,8.1,1364,64,Hotel,4.8,Novoli - San Donato,True,64.0
Hotel Paganini,8.0,3817,69,Hotel,3.3,Novoli - San Donato,True,69.0
Hotel Aida,8.3,1620,58,Hotel,2.1,Porta al Prato,True,58.0
Hotel Machiavelli Palace,8.2,3723,94,Hotel,0.6,San Lorenzo,True,94.0
B&B My Way,8.8,475,88,Bed&Breakfast,0.7,San Lorenzo,True,88.0
Hotel Delle Nazioni,8.1,3619,93,Hotel,0.9,Santa Maria Novella,True,93.0
La Grancontessa,9.1,655,83,Hotel,0.8,Centro storico di Firenze,True,83.0
HomEdo B&B,9.5,470,103,Bed&Breakfast,0.5,San Lorenzo,True,103.0
Hostel Archi Rossi,8.8,3016,56,Hotel,0.8,Centro storico di Firenze,True,56.0
Arno Boutique Hotel,9.4,36,78,Hotel,1.2,Centro storico di Firenze,True,78.0
B&B Hotel Firenze City Center,8.0,1325,76,Bed&Breakfast,1.4,Lungarno del Tempio,True,76.0
Plus Florence,8.3,11161,86,Hotel,1.1,Centro storico di Firenze,True,86.0
Best Western Plus CHC Florence,7.6,1130,62,Hotel,4.4,Novoli - San Donato,True,62.0
Hotel Margaret,8.2,806,54,Hotel,0.6,Santa Maria Novella,True,54.0
Santo Spirito Venti,9.1,454,94,Hotel,0.5,San Frediano,True,94.0
Soggiorno Pitti,8.8,1834,56,Hotel,0.8,San Frediano,True,56.0
Hotel Nizza,8.7,1739,65,Hotel,0.4,Santa Maria Novella,True,65.0
Hotel Lorena,8.4,1178,78,Hotel,0.4,San Lorenzo,True,78.0
Palazzo Lombardo,9.0,860,59,Hotel,2.3,Campo di Marte,True,59.0
Hotel Atlantic Palace,8.4,2602,81,Hotel,0.6,San Lorenzo,True,81.0
Hotel Martelli,7.8,1049,88,Hotel,0.3,Santa Maria Novella,True,88.0
Palazzo Graziani,9.0,712,114,Hotel,0.7,San Marco - Santissima Annunziata,True,114.0
Hotel Rapallo,9.2,545,139,Hotel,1.1,Centro storico di Firenze,True,139.0
Loggiato Dei Serviti,8.6,217,158,Hotel,0.8,San Marco - Santissima Annunziata,True,158.0
Peruzzi Urban Residences,9.4,164,133,Hotel,0.5,Uffizi,True,133.0
Nonna Lina Rooms,9.0,297,93,Hotel,0.2,Uffizi,True,93.0
Hilton Garden Inn Florence Novoli,8.5,659,120,Hotel,3.2,Novoli - San Donato,True,120.0
Soggiorno Sogna Firenze,8.3,463,65,Hotel,1.6,Porta al Prato,True,65.0
Hotel Residence La Contessina,8.8,398,98,Hotel,0.7,Centro storico di Firenze,True,98.0
Gessi Charming Apartment,8.7,335,74,Apartment,0.7,San Marco - Santissima Annunziata,True,74.0
San Giuliano Inn,9.7,221,132,Hotel,0.7,San Lorenzo,True,132.0
Florenceunita,7.4,164,60,Hotel,0.4,San Lorenzo,True,60.0
Ostello Bello Firenze,9.2,74,97,Hotel,0.7,Centro storico di Firenze,True,97.0
Hotel Panama,8.0,441,84,Hotel,1.5,Fortezza da Basso,True,84.0
Hotel Ferrucci,7.4,1178,69,Hotel,1.8,Piazzale Michelangelo,True,69.0
Residenza 54,8.2,201,97,Hotel,1.0,San Marco - Santissima Annunziata,True,97.0
B&B Residenza le Fonticine,8.7,327,108,Bed&Breakfast,0.6,San Lorenzo,True,108.0
Arte' Boutique Hotel,9.6,673,154,Hotel,0.5,San Marco - Santissima Annunziata,True,154.0
Bellevue House Affittacamere,9.2,252,113,Hotel,0.6,Santa Maria Novella,True,113.0
B&B Emozioni Fiorentine,8.9,437,107,Bed&Breakfast,0.0,Uffizi,True,107.0
Flor in Florence,9.3,269,95,Hotel,1.1,San Marco - Santissima Annunziata,True,95.0
Soggiorno Oblivium,8.7,384,92,Hotel,0.4,Santa Maria Novella,True,92.0
La Torre del Cestello - Residenza d'epoca,8.8,952,126,Hotel,0.7,San Frediano,True,126.0
Hotel d'Azeglio Firenze,7.6,798,86,Hotel,1.3,San Marco - Santissima Annunziata,True,86.0
B&B I Quattro Poeti,8.8,477,119,Bed&Breakfast,0.6,Centro storico di Firenze,True,119.0
Guest House Biffi Simone,9.0,236,82,Hotel,0.8,Santa Croce,True,82.0
Globus Urban Hotel,9.3,757,154,Hotel,0.5,San Lorenzo,True,154.0
Laurus Al Duomo,8.7,1531,202,Hotel,0.3,San Lorenzo,True,202.0
Hotel Art Atelier,8.7,770,156,Hotel,0.5,San Lorenzo,True,156.0
Renascentia Garden Relais,9.8,305,210,Hotel,0.6,San Marco - Santissima Annunziata,True,210.0
Hotel Ester,8.8,299,108,Hotel,0.6,San Lorenzo,True,108.0
Firenze Suite,9.4,395,145,Hotel,0.7,San Marco - Santissima Annunziata,True,145.0
Residenze d'epoca Collection-Sant'Anna,8.4,347,111,Hotel,0.8,Santa Maria Novella,True,111.0
Grand Hotel Baglioni,8.7,1701,188,Hotel,0.4,Santa Maria Novella,True,188.0
Alla Dimora Altea,9.2,421,97,Hotel,1.5,Fortezza da Basso,True,97.0
FH55 Grand Hotel Mediterraneo,8.2,746,145,Hotel,1.6,Lungarno del Tempio,True,145.0
La Terrazza di Jenny B&B,9.4,57,118,Bed&Breakfast,1.3,Fortezza da Basso,True,118.0
Leopoldini Appartamenti,8.9,400,104,Apartment,2.2,Rifredi,True,104.0
Eco Urban B&B,9.6,385,177,Bed&Breakfast,0.7,Centro storico di Firenze,True,177.0
Palazzo Montebello,8.7,432,255,Hotel,1.1,Centro storico di Firenze,True,255.0
La Porta del Paradiso,9.1,846,110,Hotel,1.2,Centro storico di Firenze,True,110.0
Solo Experience Hotel,9.1,2070,123,Hotel,0.4,San Lorenzo,True,123.0
Bed and Breakfast Locanda di Mosconi,9.3,498,129,Hotel,0.7,Centro storico di Firenze,True,129.0
B&B i Rinascimenti,9.1,282,129,Bed&Breakfast,0.8,San Marco - Santissima Annunziata,True,129.0
Alloro B&B,8.7,154,103,Bed&Breakfast,0.4,San Lorenzo,True,103.0
B&B La Terrazza Sul Duomo,9.3,623,147,Bed&Breakfast,0.1,Duomo,True,147.0
La Torre dei Salterelli,9.0,681,116,Hotel,0.3,Uffizi,True,116.0
Hotel Villa Il Castagno,7.0,996,86,Hotel,1.8,Campo di Marte,True,86.0
Locanda Della Musica,9.0,56,98,Hotel,0.9,Centro storico di Firenze,True,98.0
Borghese Palace Art Hotel,8.3,642,181,Hotel,0.4,Uffizi,True,181.0
B&B DomoFlorenzia,8.8,216,104,Bed&Breakfast,1.0,Centro storico di Firenze,True,104.0
Domus Duomo,8.4,311,80,Hotel,0.1,Duomo,True,80.0
La Tana Dei Leoni Affittacamere,9.2,447,81,Hotel,0.4,Uffizi,True,81.0
Hotel Alba Palace,8.8,2524,123,Hotel,0.6,Santa Maria Novella,True,123.0
Relais Stibbert Florence,9.0,233,84,Hotel,2.0,Rifredi,True,84.0
Duomo View,8.6,240,94,Hotel,0.2,Duomo,True,94.0
Villa Tolomei Hotel & Resort,8.3,287,207,Hotel,2.6,Not specified,True,207.0
Hotel Milù,9.5,393,199,Hotel,0.2,Tornabuoni,True,199.0
Relais Twelve B&B,8.9,286,104,Bed&Breakfast,0.5,San Lorenzo,True,104.0
B&B Lorena Suites,9.3,517,198,Bed&Breakfast,1.6,Campo di Marte,True,198.0
Grand Amore Hotel and Spa,9.0,188,235,Hotel,0.7,San Marco - Santissima Annunziata,True,235.0
B&B Galileo 2000,8.9,962,147,Bed&Breakfast,0.3,Uffizi,True,147.0
Sangaggio House B&B,8.7,280,149,Bed&Breakfast,2.3,Not specified,True,149.0
Santa Croce Exclusive,7.8,752,65,Hotel,0.5,Uffizi,True,65.0
Be-ONE Art and Luxury Home,9.1,198,240,Hotel,0.1,Duomo,True,240.0
Mabelle Firenze Residenza Sassetti,9.1,243,173,Hotel,0.1,Uffizi,True,173.0
Attico43 B&B,8.9,457,103,Bed&Breakfast,1.4,Porta al Prato,True,103.0
Parione Uno,9.1,453,159,Hotel,0.3,Tornabuoni,True,159.0
25hours Hotel Piazza San Paolino,0.0,0,269,Hotel,0.5,Santa Maria Novella,True,269.0
Gate of Paradise Florence B&B,8.7,226,77,Bed&Breakfast,0.9,San Lorenzo,True,77.0
V-Rooms All'Angolo Del Duomo,9.1,820,141,Hotel,0.2,Tornabuoni,True,141.0
Wow Florence,8.0,3700,55,Hotel,1.2,San Marco - Santissima Annunziata,True,55.0
Mabelle Firenze Residenza Gambrinus,9.0,242,169,Hotel,0.1,Duomo,True,169.0
c-hotels Club,8.6,3182,108,Hotel,0.7,Centro storico di Firenze,True,108.0
c-hotels Joy,8.6,2969,98,Hotel,0.9,Santa Maria Novella,True,98.0
Hostel 7 Santi,7.8,4080,44,Hotel,2.3,Campo di Marte,True,44.0
Hotel Mia Cara,8.4,1967,69,Hotel,0.8,Centro storico di Firenze,True,69.0
Room Mate Luca,9.1,1855,137,Hotel,0.9,San Lorenzo,True,137.0
Grand Hotel Adriatico,8.5,2342,118,Hotel,0.8,Santa Maria Novella,True,118.0
Hotel Giappone,8.3,518,70,Hotel,0.3,Tornabuoni,True,70.0
Hotel Pitti Palace al Ponte Vecchio,8.6,1815,191,Hotel,0.5,San Frediano,True,191.0
Hotel California,7.5,576,124,Hotel,0.5,San Marco - Santissima Annunziata,True,124.0
Canto degli Aranci,9.8,282,120,Hotel,0.6,Santa Croce,True,120.0
Sleep Tight Florence (Rooms),8.3,172,73,Hotel,2.0,Rifredi,True,73.0
Hotel Gioia,8.1,1024,88,Hotel,0.6,San Lorenzo,True,88.0
B&B Monte Oliveto,9.5,125,102,Bed&Breakfast,1.4,Not specified,True,102.0
Leone X Guest House,8.7,437,88,Hotel,1.3,Fortezza da Basso,True,88.0
Hotel La Fortezza,8.7,730,88,Hotel,1.4,Fortezza da Basso,True,88.0
Canto dei Servi,9.1,226,112,Hotel,0.6,San Marco - Santissima Annunziata,True,112.0
Relais Piazza Signoria,9.3,1081,165,Apartment,0.2,Uffizi,True,165.0
Hotel Tourist House,8.3,648,81,Hotel,0.5,Santa Maria Novella,True,81.0
Crystal Ship Apartments,7.8,350,72,Apartment,0.5,Uffizi,True,72.0
San Pier Novello in Oltrarno,9.6,274,117,Hotel,1.0,San Frediano,True,117.0
Hostel Santa Monaca,8.1,952,50,Hotel,0.8,San Frediano,True,50.0
Residenza D'Epoca Historia Luxury Boutique,8.7,601,108,Hotel,0.6,Uffizi,True,108.0
Donatello Apartments by Firenze Prestige,9.2,142,134,Apartment,0.9,Santa Maria Novella,True,134.0
Affittacamere Greenhause,7.2,280,59,Hotel,0.8,San Marco - Santissima Annunziata,True,59.0
My Guest in Florence,8.8,650,88,Hotel,1.2,Centro storico di Firenze,True,88.0
Guest House L'Aranceto,8.6,267,42,Hotel,2.3,Porta al Prato,True,42.0
Soggiorno dell Agnolo,8.1,91,65,Hotel,0.7,Santa Croce,True,65.0
Palazzo Ridolfi - Residenza d'Epoca,9.4,875,212,Hotel,0.6,San Frediano,True,212.0
"Relais Hotel Centrale ""Residenza d'Epoca""",8.7,1208,178,Hotel,0.3,San Lorenzo,True,178.0
Hotel St James,8.3,3045,50,Hotel,0.9,Centro storico di Firenze,True,50.0
Hotel Executive,9.0,1628,160,Hotel,1.0,Centro storico di Firenze,True,160.0
Martelli 6 Suite & Apartments,8.8,2739,102,Hotel,0.3,Duomo,True,102.0
Loggia Fiorentina,8.5,1164,56,Hotel,0.9,San Marco - Santissima Annunziata,True,56.0
Hotel San Lorenzo,7.7,675,58,Hotel,0.6,San Lorenzo,True,58.0
FuordArno Bed & Breakfast,9.7,526,103,Hotel,0.7,Centro storico di Firenze,True,103.0
The Artists' Palace Florence,9.2,453,149,Hotel,0.4,San Lorenzo,True,149.0
Hotel Vasari,8.4,840,99,Hotel,0.8,Centro storico di Firenze,True,99.0
Antica Dimora De' Benci,9.4,101,138,Hotel,0.6,Uffizi,True,138.0
Italiana Hotels Florence,7.7,2518,119,Hotel,3.9,Not specified,True,119.0
UNAHOTELS Vittoria Firenze,8.2,1178,96,Hotel,1.6,Not specified,True,96.0
Hotel Desirèe,8.4,632,84,Hotel,0.8,Centro storico di Firenze,True,84.0
Residenza D'Epoca San Jacopo,7.2,949,46,Hotel,0.5,San Frediano,True,46.0
Prestigia Rooms,8.5,331,95,Hotel,0.1,Duomo,True,95.0
Hotel Por Santa Maria,8.6,450,76,Hotel,0.2,Uffizi,True,76.0
4F Boutique Hotel Florence,9.4,76,141,Hotel,1.3,Centro storico di Firenze,True,141.0
Cadorna,8.5,506,49,Hotel,1.7,Fortezza da Basso,True,49.0
Eurostars Florence Boutique,8.8,892,129,Hotel,1.2,Santa Croce,True,129.0
B&B Leopoldo and APARTEMENTS,8.3,626,60,Bed&Breakfast,2.2,Rifredi,True,60.0
A Firenze da Paolo,8.5,261,50,Hotel,2.9,Novoli - San Donato,True,50.0
Soggiorno La Coccinella,8.0,300,70,Hotel,1.5,Fortezza da Basso,True,70.0
Mia Palace,8.2,789,78,Hotel,1.4,Not specified,True,78.0
Hotel Monna Lisa,9.0,1737,159,Hotel,0.7,San Marco - Santissima Annunziata,True,159.0
Albergo Firenze,8.4,1515,98,Hotel,0.2,Uffizi,True,98.0
Residence Porta Al Prato,8.5,1154,94,Apartment,1.5,Porta al Prato,True,94.0
Hotel Dali,8.7,743,61,Hotel,0.5,Duomo,True,61.0
Relais Luce Florence,9.5,484,148,Hotel,0.6,San Lorenzo,True,148.0
D'HOME FLORENCE,8.5,404,110,Hotel,0.3,Santa Maria Novella,True,110.0
Hotel Galileo,8.2,615,81,Hotel,0.8,San Lorenzo,True,81.0
Olga's House,8.3,308,102,Hotel,0.2,Uffizi,True,102.0
Corona D'Italia,8.7,554,103,Hotel,0.7,San Lorenzo,True,103.0
La Vigna Dolce di Anna,8.1,1040,70,Hotel,0.5,Uffizi,True,70.0
Soggiorno La Cupola Guesthouse,8.1,589,75,Hotel,0.3,San Lorenzo,True,75.0
Hotel Unicorno,8.4,415,99,Hotel,0.4,Santa Maria Novella,True,99.0
Hotel Orto de' Medici,9.2,794,140,Hotel,0.9,San Marco - Santissima Annunziata,True,140.0
Hotel Palazzuolo,7.9,1497,63,Hotel,0.8,Santa Maria Novella,True,63.0
Sognando Firenze,8.7,419,74,Hotel,1.7,Piazzale Michelangelo,True,74.0
B&B Bruna,9.3,388,96,Bed&Breakfast,3.7,Rifredi,True,96.0
B&B Santa Maria Novella,8.9,341,87,Bed&Breakfast,1.5,Porta al Prato,True,87.0
Relais Gaia,8.7,190,97,Hotel,0.9,Centro storico di Firenze,True,97.0
Hotel Bella Firenze,8.7,216,108,Hotel,0.9,Santa Maria Novella,True,108.0
Room 45,8.5,70,80,Hotel,0.9,Santa Maria Novella,True,80.0
Antica Dimora Firenze,9.3,223,147,Hotel,1.1,San Marco - Santissima Annunziata,True,147.0
Appartamenti nonna Dina,9.2,112,112,Apartment,1.5,Fortezza da Basso,True,112.0
BB Hotels Aparthotel Collection Il Michelangelo,9.8,42,123,Apartment,1.4,Campo di Marte,True,123.0
Astrid Hotel,7.8,295,88,Hotel,0.8,Centro storico di Firenze,True,88.0
Grand Hotel Cavour,8.7,978,139,Hotel,0.3,Uffizi,True,139.0
Al Campanile,9.2,93,163,Apartment,0.4,Duomo,True,163.0
Hotel Alex,7.9,618,84,Hotel,3.6,Not specified,True,84.0
Apollo Guest House,9.2,197,97,Hotel,0.6,San Lorenzo,True,97.0
Florent,8.2,386,97,Apartment,1.0,San Frediano,True,97.0
ApartHotel Quadra Key,8.6,2313,76,Hotel,3.8,Novoli - San Donato,True,76.0
Drom Florence Rooms & Apartments,9.4,137,82,Hotel,1.3,San Frediano,True,82.0
Locanda De' Ciompi,9.3,464,113,Hotel,0.8,San Marco - Santissima Annunziata,True,113.0
Room Mate Isabella,9.1,626,209,Hotel,0.2,Tornabuoni,True,209.0
Cosy House,8.8,451,80,Hotel,0.9,Centro storico di Firenze,True,80.0
Starhotels Tuscany,8.8,1401,115,Hotel,3.3,Novoli - San Donato,True,115.0
The Market Urban Hotel,9.2,754,159,Hotel,0.6,Centro storico di Firenze,True,159.0
Palazzo dei Conti Residenza d'Epoca,9.6,521,188,Hotel,0.3,Duomo,True,188.0
Novella White,8.7,154,113,Apartment,0.7,Santa Maria Novella,True,113.0
PopArtment,9.1,391,97,Apartment,1.7,Fortezza da Basso,True,97.0
B&B Cimatori,9.4,276,121,Bed&Breakfast,0.2,Uffizi,True,121.0
Hotel Villa Liana,8.6,800,133,Hotel,1.3,San Marco - Santissima Annunziata,True,133.0
Hotel Collodi Firenze,9.0,472,108,Hotel,0.6,San Lorenzo,True,108.0
Hotel Leopolda,7.7,322,63,Hotel,1.7,Porta al Prato,True,63.0
Soggiorno Madrid,8.8,365,66,Hotel,1.6,Fortezza da Basso,True,66.0
Guicciardini 24,9.6,215,112,Hotel,0.6,San Frediano,True,112.0
Aura house,7.3,30,87,Hotel,0.4,San Lorenzo,False,87.0
Pink Wolf,9.1,190,88,Hotel,0.7,Centro storico di Firenze,True,88.0
B&B Terrazza Belfiore,9.5,235,98,Bed&Breakfast,1.3,Porta al Prato,True,98.0
B&B Mr My Resort,9.4,341,108,Bed&Breakfast,1.1,Centro storico di Firenze,True,108.0
Alfieri Signature Suites - Alfieri Collezione,8.9,932,169,Hotel,0.4,Tornabuoni,True,169.0
3110 ArtHotel,9.1,491,95,Hotel,1.7,Campo di Marte,True,95.0
Soprarno Suites,9.4,191,249,Hotel,0.8,San Frediano,True,249.0
Lavagnini My Place B&B,9.3,45,70,Bed&Breakfast,1.4,Fortezza da Basso,True,70.0
Hotel Albani Firenze,8.6,993,125,Hotel,0.7,Centro storico di Firenze,True,125.0
B&B La Signoria Di Firenze,9.4,366,126,Bed&Breakfast,0.2,Uffizi,True,126.0
Hotel Palazzo Guadagni,8.9,348,247,Hotel,0.8,San Frediano,True,247.0
Palazzo Oliveto,7.0,615,55,Hotel,1.6,Not specified,True,55.0
San Lorenzo affittacamere,8.6,444,64,Hotel,0.7,San Lorenzo,True,64.0
Boutique Hotel La Casa di Morfeo,8.8,737,104,Hotel,0.9,Santa Croce,True,104.0
Hotel Bellavista,8.7,857,101,Hotel,0.6,San Lorenzo,True,101.0
"Hotel Angelica "" Stazione Santa Maria Novella """,8.2,312,68,Hotel,0.7,Centro storico di Firenze,True,68.0
Nashira Rooms,8.3,526,58,Hotel,0.5,Uffizi,True,58.0
B&B Residenza Giotto,9.3,275,139,Bed&Breakfast,0.1,Duomo,True,139.0
Palazzo D'Oltrarno - Residenza D'Epoca,9.0,570,148,Hotel,0.7,San Frediano,True,148.0
Hotel Bretagna Heritage - Alfieri Collezione,8.3,749,159,Hotel,0.4,Tornabuoni,True,159.0
Il Giglio Rosso B&B,8.6,428,63,Bed&Breakfast,1.4,Fortezza da Basso,True,63.0
B&B Residenza Maiano,8.3,291,78,Bed&Breakfast,0.7,San Lorenzo,True,78.0
Hotel Costantini,8.7,762,84,Hotel,0.1,Duomo,True,84.0
Hotel Accademia,9.1,1457,128,Hotel,0.4,San Lorenzo,True,128.0
Bed & Bed Peterson,7.3,528,54,Hotel,1.4,Fortezza da Basso,True,54.0
Artemente Florence B&B,9.2,407,89,Bed&Breakfast,0.9,Centro storico di Firenze,True,89.0
Hotel Davanzati,9.3,1128,168,Hotel,0.2,Uffizi,True,168.0
Sun Frediano Suites Florence,9.2,388,96,Hotel,1.0,San Frediano,True,96.0
Hotel Bodoni,8.2,2536,77,Hotel,0.8,Santa Croce,True,77.0
Hotel Jolì,8.9,1665,124,Hotel,0.7,Centro storico di Firenze,True,124.0
Firenze Camping In Town,8.6,13646,55,Other,5.0,Not specified,True,55.0
Hotel Villa Carlotta,7.9,803,129,Hotel,1.6,Piazzale Michelangelo,True,129.0
numa l Rodo Rooms & Suites,9.1,457,97,Hotel,0.2,Duomo,True,97.0
Gelsomino Garden,8.7,363,52,Hotel,2.6,Not specified,True,52.0
Artemide Guest House,9.1,369,93,Hotel,0.7,Centro storico di Firenze,True,93.0
Hotel Mario's,8.6,1146,89,Hotel,0.8,Centro storico di Firenze,True,89.0
Soggiorno Campos,7.8,533,64,Hotel,0.9,San Lorenzo,True,64.0
Souvenir Maya,8.0,396,61,Hotel,0.9,San Lorenzo,True,61.0
c-hotels Ambasciatori,8.6,3566,133,Hotel,0.8,Santa Maria Novella,True,133.0
Hotel SGiorgio & Olimpic,7.9,1245,88,Hotel,0.4,San Lorenzo,True,88.0
B&B Dell'Olio,9.7,465,130,Bed&Breakfast,0.2,Duomo,True,130.0
Locanda Dei Guelfi,8.5,482,113,Hotel,0.7,San Lorenzo,True,113.0
Hotel Lombardi,8.4,935,83,Hotel,0.7,Centro storico di Firenze,True,83.0
Florence Room B&B,7.6,381,82,Bed&Breakfast,0.6,Centro storico di Firenze,True,82.0
Piccolo Borgo Antico,9.1,473,110,Hotel,0.4,San Frediano,True,110.0
Entire 6 Bedrooms Flat at Historical Center with LIFT,8.5,17,99,Hotel,0.5,San Lorenzo,True,99.0
B&B Giorni Dipinti,9.2,425,67,Bed&Breakfast,0.9,San Marco - Santissima Annunziata,True,67.0
Hotel Principe,8.4,441,180,Hotel,1.0,Santa Maria Novella,True,180.0
Hotel Fiorita,8.4,1201,98,Hotel,0.8,Centro storico di Firenze,True,98.0
Rivoli Boutique Hotel,8.6,1603,153,Hotel,0.6,Santa Maria Novella,True,153.0
Hotel Mirage,7.3,1347,99,Hotel,4.7,Novoli - San Donato,True,99.0
La Residenza del Proconsolo,8.4,267,108,Hotel,0.3,Duomo,True,108.0
Hotel della Signoria,9.1,1114,140,Hotel,0.2,Uffizi,True,140.0
Hotel Masaccio,7.6,539,54,Hotel,1.7,Campo di Marte,True,54.0
Horto Convento,9.3,1974,131,Hotel,1.2,San Frediano,True,131.0
Hotel Pierre,8.7,482,150,Hotel,0.1,Uffizi,True,150.0
Hotel Boston,8.6,508,132,Hotel,0.8,Centro storico di Firenze,True,132.0
Youth Firenze 2000,7.0,826,76,Hotel,1.7,Not specified,True,76.0
Pietrapiana Boutique Apartments,9.6,384,128,Hotel,0.9,Centro storico di Firenze,True,128.0
Hotel Burchianti,9.0,1017,167,Hotel,0.4,San Lorenzo,True,167.0
Live Florence Guest House,8.9,244,94,Hotel,0.7,San Lorenzo,True,94.0
Dante's Relais,7.6,840,67,Hotel,0.2,Uffizi,True,67.0
Dedo Boutique Hotel,8.6,1675,108,Hotel,0.9,Santa Maria Novella,True,108.0
Hotel Eden,7.9,691,63,Hotel,0.8,San Lorenzo,True,63.0
Hotel Cardinal of Florence,8.8,1102,84,Hotel,0.7,San Marco - Santissima Annunziata,True,84.0
B&B La Residenza di Michelangelo,8.9,948,128,Bed&Breakfast,0.6,San Lorenzo,True,128.0
Le Contesse,9.0,397,72,Hotel,1.0,San Marco - Santissima Annunziata,True,72.0
Hotel Ferretti,7.2,1551,51,Hotel,0.4,Santa Maria Novella,True,51.0
Hotel Lombardia,8.9,1601,130,Hotel,0.4,Santa Maria Novella,True,130.0
B&B San Remigio,9.5,731,123,Bed&Breakfast,0.5,Uffizi,True,123.0
Hotel Cantoria,8.0,1895,89,Hotel,0.7,Centro storico di Firenze,True,89.0
B&B A Florence View,9.3,714,97,Bed&Breakfast,0.1,Duomo,True,97.0
Villa Tortorelli,9.0,47,96,Hotel,1.1,San Marco - Santissima Annunziata,True,96.0
Your Florence,9.4,587,97,Hotel,0.3,Tornabuoni,True,97.0
Hotel Palazzo Benci,8.1,1404,107,Hotel,0.4,San Lorenzo,True,107.0
Emerald Palace Hostel,8.3,1174,91,Hotel,0.5,San Lorenzo,True,91.0
B&b Kingsman,9.4,552,103,Bed&Breakfast,0.9,Santa Maria Novella,True,103.0
Pontevecchio Relais,8.4,1433,102,Hotel,0.4,Uffizi,True,102.0
Hotel Miceli - Civico 50,9.0,752,90,Hotel,0.8,San Marco - Santissima Annunziata,True,90.0
Soggiorno Isabella De' Medici,8.6,1149,71,Hotel,0.8,Centro storico di Firenze,True,71.0
Casa Rovai Guest House,8.4,203,107,Hotel,0.7,San Marco - Santissima Annunziata,True,107.0
Granduomo Charming Accomodation,9.4,381,184,Apartment,0.3,Duomo,True,184.0
Daphne Guest House,8.6,333,131,Hotel,0.6,Centro storico di Firenze,True,131.0
Hotel Alinari,8.6,432,105,Hotel,0.6,San Lorenzo,True,105.0
Casa Botticelli,9.6,527,169,Hotel,0.8,San Frediano,True,169.0
B&B Dante Alighieri,8.5,324,92,Bed&Breakfast,0.0,Uffizi,True,92.0
N4U Guest House Florence,8.9,460,136,Hotel,0.3,Uffizi,True,136.0
B&B Hotel Firenze Novoli,8.0,690,76,Bed&Breakfast,4.3,Novoli - San Donato,True,76.0
La Casa de Lazarina,9.5,22,143,Apartment,0.9,Santa Croce,True,143.0
Hotel Il Bargellino,8.4,99,89,Hotel,0.9,Centro storico di Firenze,True,89.0
Palazzo Lorenzo Hotel Boutique & Spa,9.2,221,193,Hotel,1.5,Fortezza da Basso,True,193.0
Arnobio Florence Suites,8.8,212,108,Hotel,0.2,Tornabuoni,True,108.0
Hotel Delle Camelie,8.8,694,88,Hotel,1.0,Centro storico di Firenze,True,88.0
Residenza Il Villino B&B,9.2,453,133,Bed&Breakfast,0.8,San Marco - Santissima Annunziata,True,133.0
Hotel Donatello,8.0,386,121,Hotel,1.0,Centro storico di Firenze,True,121.0
Villino Fiorentino,9.3,226,136,Hotel,1.7,Fortezza da Basso,True,136.0
Together Florence Inn,8.0,1415,105,Hotel,4.7,Not specified,True,105.0
Sina Villa Medici. Autograph Collection,8.1,91,359,Hotel,1.1,Centro storico di Firenze,True,359.0
Armonie di Villa Incontri B&B,9.6,327,111,Bed&Breakfast,3.4,Rifredi,True,111.0
Opera Boutique B&B,9.4,334,164,Bed&Breakfast,1.4,Fortezza da Basso,True,164.0
Hotel Centro,8.9,947,117,Hotel,0.6,San Lorenzo,True,117.0
Residenza D'Epoca Al Numero 8,8.6,325,130,Hotel,0.7,San Frediano,True,130.0
Hotel Marine,7.9,470,78,Hotel,0.8,Centro storico di Firenze,True,78.0
Al Canto B&B,9.2,186,86,Bed&Breakfast,4.9,Not specified,True,86.0
Leone Blu Suites | UNA Esperienze,9.4,201,186,Hotel,0.5,Tornabuoni,True,186.0
B&B La Cittadella,8.7,480,88,Bed&Breakfast,1.3,Fortezza da Basso,True,88.0
Residenza24,9.2,46,78,Hotel,1.3,Fortezza da Basso,True,78.0
MDR NumberSix Suites,9.2,112,156,Apartment,1.2,San Marco - Santissima Annunziata,True,156.0
Maison Bianca B&B,9.1,622,75,Bed&Breakfast,1.5,Fortezza da Basso,True,75.0
B&B Lorenzo de' Medici,9.7,593,127,Bed&Breakfast,0.5,San Lorenzo,True,127.0
Hotel Dalmazia,7.9,550,78,Hotel,2.8,Rifredi,True,78.0
Florence Apartments - Tower,7.7,177,137,Apartment,0.8,Santa Maria Novella,True,137.0
Hotel De La Pace,8.2,386,132,Hotel,1.3,San Marco - Santissima Annunziata,True,132.0
Relais Del Duomo,9.1,302,128,Hotel,0.2,Duomo,True,128.0
Ricasoli Firenze Luxury Apartments UNA Esperienze,9.4,176,208,Apartment,0.6,San Marco - Santissima Annunziata,True,208.0
Residence Le Cure,7.7,371,60,Hotel,2.1,Campo di Marte,True,60.0
Alfieri9,9.2,451,128,Hotel,1.2,San Marco - Santissima Annunziata,True,128.0
The Frame Hotel,9.4,849,250,Hotel,0.3,San Lorenzo,True,250.0
Palazzo Guicciardini,9.2,738,192,Hotel,0.6,San Frediano,True,192.0
Residence San Niccolò,8.1,178,120,Apartment,1.2,Santa Croce,True,120.0
Lilium Hotel,8.1,336,87,Hotel,0.8,Centro storico di Firenze,True,87.0
Il Terrazzino Su Boboli,8.6,284,87,Hotel,1.5,Not specified,True,87.0
Adler Cavalieri Hotel,8.5,1178,129,Hotel,0.8,Santa Maria Novella,True,129.0
Nancy House,8.6,617,53,Hotel,0.9,Santa Maria Novella,True,53.0
Affittacamere Vanessa,8.7,345,63,Hotel,0.7,San Lorenzo,True,63.0
Hotel Basilea,7.7,2295,86,Hotel,0.7,San Lorenzo,True,86.0
B&B Antiche Armonie,9.1,482,103,Bed&Breakfast,1.5,Fortezza da Basso,True,103.0
Hotel Kursaal & Ausonia,8.0,1566,65,Hotel,0.8,San Lorenzo,True,65.0
Morandi alla Crocetta,9.2,687,130,Hotel,0.9,San Marco - Santissima Annunziata,True,130.0
Hotel Bencidormi,9.2,744,62,Hotel,0.7,Centro storico di Firenze,True,62.0
B&B The Attico,9.2,306,141,Bed&Breakfast,1.5,Lungarno del Tempio,True,141.0
B&B La Residenza Dell'Orafo,8.8,872,113,Bed&Breakfast,0.6,San Lorenzo,True,113.0
AC Hotel by Marriott Firenze,8.5,388,137,Hotel,1.6,Porta al Prato,True,137.0
Donati Luxury Tower Suites,8.9,21,216,Apartment,0.2,Duomo,True,216.0
Residenza D'Epoca In Piazza della Signoria,9.6,50,310,Hotel,0.3,Uffizi,True,310.0
Ponte Vecchio View Luxury Apartment,9.6,67,368,Apartment,0.4,San Frediano,True,368.0
IL Tornabuoni Hotel,0.0,0,475,Hotel,0.3,Tornabuoni,True,475.0
Palazzo Vecchietti - Residenza D'Epoca,9.9,41,744,Hotel,0.1,Duomo,True,744.0
Palazzo Belfiore,9.5,70,284,Apartment,0.6,San Frediano,False,284.0
ORAFI TOWER,9.1,13,419,Apartment,0.4,Uffizi,True,419.0
Hotel Torre di Bellosguardo,8.9,116,416,Hotel,1.9,Not specified,False,416.0
L'OZioRinco,9.4,17,200,Apartment,5.6,Novoli - San Donato,True,200.0
Airport Suites in Florence with FREE parking,8.9,150,114,Apartment,4.2,Novoli - San Donato,True,114.0
Il Giglio Guest House,8.6,132,82,Hotel,1.2,Santa Maria Novella,True,82.0
CozyandConfortable,8.1,35,60,Hotel,2.1,Porta al Prato,True,60.0
Panoramic Suite near Duomo and Station,8.9,46,143,Apartment,0.6,San Lorenzo,True,143.0
Guest House Zefiro,9.1,835,55,Hotel,0.9,Centro storico di Firenze,True,55.0
La Cupola Apartment,9.4,55,194,Apartment,0.8,Santa Maria Novella,True,194.0
Hotel Balcony,8.5,1321,53,Hotel,0.3,Tornabuoni,True,53.0
Hotel Nuova Italia,8.6,1204,77,Hotel,0.6,San Lorenzo,True,77.0
Locanda Pitti,7.0,85,48,Hotel,0.9,Centro storico di Firenze,True,48.0
Alberghino B&B,8.5,110,88,Bed&Breakfast,1.3,Fortezza da Basso,True,88.0
Hotel Medici,7.5,2419,68,Hotel,0.1,Centro storico di Firenze,True,68.0
Butterfly Room,8.9,25,80,Hotel,0.7,Centro storico di Firenze,True,80.0
APARTMENT 8,9.5,83,70,Apartment,2.0,Rifredi,True,70.0
Hotel Montreal,8.6,1822,68,Hotel,0.7,Santa Maria Novella,True,68.0
Borgo Pinti Suites,0.0,0,93,Hotel,1.1,San Marco - Santissima Annunziata,True,93.0
Hotel Argentina,7.0,825,89,Hotel,1.0,Santa Maria Novella,True,89.0
A Casa di Lilli,8.9,69,66,Hotel,2.4,Campo di Marte,True,66.0
Palazzo Branchi - Luxury Suites,8.7,76,127,Apartment,1.1,San Marco - Santissima Annunziata,True,127.0
Hotel Calimala,9.4,846,209,Hotel,0.1,Uffizi,True,209.0
Hotel Pendini,9.2,921,204,Hotel,0.1,Duomo,True,204.0
Hotel Regency - Small Luxury Hotels of the World,8.8,238,403,Hotel,1.2,San Marco - Santissima Annunziata,True,403.0
Design Apartments Florence- Florence City Center,9.5,190,212,Apartment,0.3,Duomo,True,212.0
Palazzo Alfieri Residenza D'Epoca - Alfieri Collezione,8.9,1722,169,Hotel,0.4,Tornabuoni,True,169.0
Relais & Maison Grand Tour,9.0,50,220,Hotel,0.8,San Lorenzo,True,220.0
Palazzo San Niccolò,9.1,129,152,Hotel,0.9,Centro storico di Firenze,True,152.0
Frími Boutique Rooms b&b,9.7,100,150,Hotel,1.3,Fortezza da Basso,True,150.0
Appartamenti Fortezza Da Basso,9.1,44,143,Holiday Home,1.1,Centro storico di Firenze,True,143.0
Florence Luxury House,9.4,88,144,Apartment,2.1,Campo di Marte,True,144.0
Torre dei Lari Residenza d'Epoca,9.5,361,160,Hotel,2.2,Not specified,True,160.0
Close to Michelangelo,8.6,69,151,Apartment,0.7,San Lorenzo,True,151.0
Promenade,7.9,91,149,Hotel,0.5,Centro storico di Firenze,True,149.0
Repubblica Firenze Luxury Apartments UNA Esperienze,9.4,142,258,Hotel,0.0,Duomo,True,258.0
Grand Hotel Minerva,9.2,1009,463,Hotel,0.5,Santa Maria Novella,True,463.0
Residenza La Musa Amarcord,9.8,243,227,Hotel,0.6,Uffizi,True,227.0
San Firenze Suites & Spa,9.4,152,329,Hotel,0.3,Uffizi,True,329.0
Art Hotel Villa Agape,9.2,1751,183,Hotel,1.9,Piazzale Michelangelo,True,183.0
Hotel Berchielli,9.0,839,255,Hotel,0.3,Tornabuoni,True,255.0
Villa La Stella,8.4,514,116,Hotel,3.5,Campo di Marte,True,116.0
Santa Croce Garden Apartment,9.2,43,185,Apartment,0.9,Santa Croce,True,185.0
Palazzo Tolomei - Residenza D'Epoca,9.6,317,269,Hotel,0.6,San Lorenzo,True,269.0
Hotel Lungarno - Lungarno Collection,9.4,325,753,Hotel,0.5,San Frediano,True,753.0
Residenza d'Epoca Palazzo Riblet,9.4,116,107,Hotel,0.6,Santa Maria Novella,True,107.0
Hotel Roma,8.7,1132,199,Hotel,0.4,Santa Maria Novella,True,199.0
Badesse Terrace Apartment,9.1,83,296,Apartment,0.6,Uffizi,True,296.0
Strozzi Palace Hotel,8.3,411,131,Hotel,0.1,Duomo,True,131.0
MyForte Relais de Charme & SPA,9.0,548,177,Hotel,1.4,Lungarno del Tempio,True,177.0
Renascentia in Florence,9.8,480,220,Hotel,0.2,Uffizi,True,220.0
Relais Tosinghi,9.3,596,153,Hotel,0.1,Duomo,True,153.0
Kairos by Florence Art Apartments,9.7,73,168,Hotel,0.6,Uffizi,True,168.0
Villa Olmi Firenze,9.2,591,179,Hotel,5.0,Not specified,True,179.0
La Gabbia del Grillo,8.8,197,200,Apartment,0.5,Duomo,True,200.0
Villa Aruch,9.0,338,103,Apartment,4.3,Novoli - San Donato,True,103.0
Hotel Embassy,8.1,533,114,Hotel,1.0,Santa Maria Novella,True,114.0
Park Palace Hotel,8.6,650,143,Hotel,1.8,Piazzale Michelangelo,True,143.0
Le Stanze degli Amidei,9.1,65,125,Hotel,0.3,Uffizi,True,125.0
Hotel Kraft,8.9,1394,170,Hotel,1.1,Centro storico di Firenze,True,170.0
Hotel Azzi,8.2,982,148,Hotel,0.7,Centro storico di Firenze,True,148.0
Oltrarno Splendid,9.6,406,259,Hotel,0.7,Centro storico di Firenze,True,259.0
QK Costa58 Home Tower,9.5,267,172,Hotel,0.6,Centro storico di Firenze,True,172.0
TRAVIATA APPARTAMENTO STORICO - PALAZZO TOLOMEI,9.4,14,208,Apartment,0.6,San Lorenzo,True,208.0
Residenza Vespucci,9.3,436,188,Hotel,0.5,Santa Maria Novella,True,188.0
Helvetia&Bristol Firenze – Starhotels Collezione,9.3,410,840,Hotel,0.2,Tornabuoni,True,840.0
Dimora Salviati,9.3,287,116,Hotel,3.0,Campo di Marte,True,116.0
Il Terrazzino sulla Cattedrale,9.1,450,159,Hotel,0.3,Duomo,True,159.0
San Gallo Palace,8.2,315,150,Hotel,1.6,Fortezza da Basso,True,150.0
Celeste's House,9.4,326,183,Holiday Home,1.4,Porta al Prato,True,183.0
L'Antico Canto dei Salterelli,8.9,139,116,Hotel,0.3,Uffizi,True,116.0
Affittacamere Sant' Apollonia,7.7,96,88,Hotel,0.8,San Lorenzo,True,88.0
Florence Luxury Suites and Wellness,8.7,198,97,Hotel,1.1,Santa Maria Novella,True,97.0
Zanobi Apartment,8.8,73,151,Apartment,0.7,San Lorenzo,False,151.0
La Corte Dei Principi,8.1,219,98,Hotel,1.2,Centro storico di Firenze,True,98.0
B&B Hotel Delle Tele,7.9,768,124,Bed&Breakfast,0.3,Santa Maria Novella,True,124.0
B&B Old Florence Inn,8.7,526,106,Bed&Breakfast,0.6,San Lorenzo,True,106.0
Rovezzano B&B,9.0,223,108,Bed&Breakfast,4.6,Not specified,True,108.0
Palazzo Gamba Apartments al Duomo,9.4,652,167,Apartment,0.3,Duomo,True,167.0
Mamo Florence - Vertical Garden Apartments,8.7,239,182,Apartment,0.3,Duomo,True,182.0
Plaza Hotel Lucchesi,9.0,1348,214,Hotel,0.9,Santa Croce,True,214.0
Cellai Hotel Florence,8.3,288,188,Hotel,0.9,Centro storico di Firenze,True,188.0
Palazzo della Stufa Residenza D'Epoca,9.6,259,154,Hotel,0.4,San Lorenzo,True,154.0
Piccolo Poggio Apartments,9.0,63,84,Hotel,2.7,Rifredi,True,84.0
Hotel Hermitage,8.8,422,174,Hotel,0.3,Uffizi,True,174.0
Ghiberti Apartment by Firenze Prestige,9.6,15,204,Apartment,1.1,San Frediano,True,204.0
Corte dei Neri Residenza d'Epoca,9.1,157,104,Hotel,0.5,Uffizi,True,104.0
La Maison du Sage,9.6,881,218,Hotel,0.7,Santa Croce,True,218.0
Piazza del Mercato Centrale,8.6,126,119,Apartment,0.6,San Lorenzo,True,119.0
Hotel Alessandra,9.1,334,121,Hotel,0.3,Uffizi,True,121.0
Agriturismo Le Macine,8.0,197,93,Hotel,4.3,Not specified,True,93.0
Villa Ape Rosa Relais,8.7,182,90,Hotel,2.9,Rifredi,True,90.0
Palazzo D'Ambra Residenza d'Epoca,9.5,65,345,Apartment,0.4,San Lorenzo,True,345.0
Hotel Renaissance,9.2,388,174,Hotel,0.3,Uffizi,True,174.0
DOMY'S GUEST HOUSE,8.0,62,65,Hotel,2.1,Porta al Prato,True,65.0
La Locandiera B&B,9.2,271,134,Bed&Breakfast,0.9,Santa Maria Novella,True,134.0
Parione Roof Terrace,8.9,16,243,Apartment,0.3,Tornabuoni,True,243.0
Boutique B&B Torre de' Conti,9.4,267,177,Bed&Breakfast,0.3,Duomo,True,177.0
Girasole House,7.3,81,63,Hotel,3.5,Rifredi,True,63.0
Dimora degli Artisti - Charm Rooms,9.6,355,77,Hotel,1.7,Campo di Marte,True,77.0
Casa del Sarto,9.7,18,170,Apartment,1.1,Centro storico di Firenze,True,170.0
Gallery Hotel Art - Lungarno Collection,9.1,245,340,Hotel,0.3,Uffizi,True,340.0
Canto degli Scali,9.7,80,190,Apartment,0.2,Uffizi,True,190.0
LHP Hotel River & SPA,8.2,444,240,Hotel,1.2,Santa Croce,True,240.0
Mamo Florence - Victor Apartment,7.0,14,189,Apartment,0.7,San Lorenzo,True,189.0
Marignolle Relais & Charme - Residenza d'Epoca,8.9,155,193,Hotel,4.3,Not specified,True,193.0
Mamo Florence - Opera Apartment,9.2,11,197,Apartment,0.5,Uffizi,True,197.0
Palazzo Niccolini al Duomo,9.5,161,251,Hotel,0.4,Duomo,True,251.0
Casa Howard Firenze - Residenza d'Epoca,9.1,708,264,Hotel,0.6,Santa Maria Novella,True,264.0
Golden Tower Hotel & Spa,9.1,364,375,Hotel,0.2,Tornabuoni,True,375.0
Rocco Forte Hotel Savoy,9.3,194,989,Hotel,0.1,Duomo,True,989.0
Zanobi's Apartment,8.2,35,220,Apartment,1.0,Centro storico di Firenze,True,220.0
Sunshine Suites,9.6,10,104,Hotel,5.2,Not specified,True,104.0
Hotel Relais Il Cestello,8.6,486,113,Hotel,0.9,San Frediano,True,113.0
Piazza Signoria Suite,9.6,141,279,Apartment,0.2,Uffizi,True,279.0
2016 Apartments,9.3,111,158,Other,1.3,Santa Croce,True,158.0
Velona's Jungle Luxury Suites,9.8,127,226,Hotel,1.4,Centro storico di Firenze,True,226.0
Atmosfere Rinascimentali,8.2,6,187,Apartment,1.0,Centro storico di Firenze,True,187.0
Villa Le Statue,9.4,83,164,Apartment,5.5,Not specified,True,164.0
KF Deluxe B&B,9.3,582,278,Bed&Breakfast,0.0,Uffizi,True,278.0
Atelier delle Grazie,9.4,67,116,Hotel,0.4,Uffizi,True,116.0
Florence Pitti Loft,9.9,24,286,Apartment,0.7,San Frediano,True,286.0
Dante's Rooms,8.2,560,51,Hotel,0.2,Uffizi,True,51.0
Civico 7 - Sweet Dreams in Florence,0.0,0,243,Apartment,0.5,Uffizi,True,243.0
Casa Rachele,9.0,18,212,Hotel,1.6,Not specified,True,212.0
Stella Della Casa,8.1,301,58,Hotel,0.7,Santa Maria Novella,True,58.0
Charme in Santa Croce,9.8,18,201,Apartment,0.5,Uffizi,True,201.0
Haggi’s Residence,9.8,45,143,Hotel,0.7,San Marco - Santissima Annunziata,True,143.0
Max Apartments,6.8,693,108,Apartment,0.8,San Lorenzo,True,108.0
Bargello Guest House,8.4,312,63,Hotel,0.6,Uffizi,True,63.0
Sunflower Firenze Centro,9.2,24,88,Apartment,0.8,San Marco - Santissima Annunziata,True,88.0
Tornabuoni Place,8.9,686,99,Hotel,0.3,Tornabuoni,True,99.0
B&B Hotel Firenze Nuovo Palazzo Di Giustizia,7.9,1273,70,Bed&Breakfast,3.9,Novoli - San Donato,True,70.0
Domus Plaza,9.4,617,100,Hotel,0.3,Duomo,True,100.0
7Florence B&B,8.9,1084,137,Bed&Breakfast,0.6,Centro storico di Firenze,True,137.0
Guesthouse Bel Duomo,8.7,958,76,Hotel,0.2,Duomo,True,76.0
LUXURY w/Outdoor Space Best Location in Florence,0.0,0,421,Apartment,0.4,Uffizi,False,421.0
Florencehostels Anamaria,7.8,353,128,Hotel,0.8,Santa Maria Novella,False,128.0
Emerald Fields Hostel,7.8,177,58,Hotel,0.8,Centro storico di Firenze,True,58.0
Hotel Bavaria,8.5,1231,65,Hotel,0.4,Uffizi,True,65.0
Hotel Monica,8.1,991,58,Hotel,0.9,Centro storico di Firenze,True,58.0
Florence Dance Hostels,7.2,515,57,Hotel,0.7,San Lorenzo,True,57.0
La Rosa Di Firenze B&B,8.4,490,63,Bed&Breakfast,2.3,Novoli - San Donato,True,63.0
Burchiello b&b,9.3,263,78,Hotel,1.4,Not specified,True,78.0
Leandro Bed,8.4,151,51,Hotel,1.5,Fortezza da Basso,True,51.0
Cosmopolitan Hotel,8.5,908,94,Hotel,4.3,Novoli - San Donato,True,94.0
Margherita apartment,9.6,11,163,Apartment,0.7,Santa Maria Novella,True,163.0
Novella House,8.8,652,93,Hotel,0.5,Santa Maria Novella,True,93.0
Hotel Bijou,6.5,293,61,Hotel,0.7,Centro storico di Firenze,True,61.0
Il Dromedario,9.3,251,88,Hotel,1.0,Santa Maria Novella,True,88.0
Hotel Aldobrandini,8.0,947,71,Hotel,0.4,San Lorenzo,True,71.0
Hotel Careggi,8.0,755,78,Hotel,2.9,Rifredi,True,78.0
Le Stanze del Principe,8.2,44,65,Hotel,1.5,Piazzale Michelangelo,True,65.0
Hotel Real Ristorante e Pizzeria PARKING FREE !!!,5.1,1620,72,Hotel,5.0,Novoli - San Donato,True,72.0
Scala Apartment,8.5,145,84,Hotel,0.8,Santa Maria Novella,True,84.0
Tuscan Sun Villa,9.1,20,354,Other,3.4,Not specified,False,354.0
Le Ghiacciaie,8.4,97,72,Hotel,1.3,Fortezza da Basso,True,72.0
B&B Lorenzo&Lorenzo Vol2,8.8,340,56,Bed&Breakfast,1.0,Centro storico di Firenze,True,56.0
Hotel Abaco,8.0,441,61,Hotel,0.3,Tornabuoni,True,61.0
Lucretia House,9.3,232,75,Hotel,0.6,Santa Maria Novella,True,75.0
Hotel Santa Croce,8.9,471,94,Hotel,0.5,Uffizi,True,94.0
Albergo Cinzia,8.3,314,61,Hotel,3.7,Rifredi,True,61.0
Panzani 14 TouristHouse,7.4,279,106,Hotel,0.3,San Lorenzo,True,106.0
Florence Dream,8.5,91,147,Apartment,0.3,Tornabuoni,True,147.0
Annarè,9.0,232,88,Hotel,2.4,Porta al Prato,True,88.0
Ginevra Apartment by Firenze Prestige,9.2,3,223,Holiday Home,0.9,Santa Croce,True,223.0
Hotel Genesio,8.6,46,79,Hotel,0.9,San Lorenzo,True,79.0
Hotel Corolle,6.7,706,69,Hotel,3.9,Rifredi,True,69.0
Hotel Genzianella,6.7,835,65,Hotel,1.5,Centro storico di Firenze,True,65.0
Hotel David,9.6,832,164,Hotel,1.8,Piazzale Michelangelo,True,164.0
Golden Dream Guest House,7.2,145,64,Hotel,0.7,San Lorenzo,True,64.0
Il Grillo Di Firenze B&B,9.1,179,73,Bed&Breakfast,2.4,Porta al Prato,True,73.0
Soggiorno Petrarca,8.1,40,64,Hotel,1.2,Not specified,True,64.0
Corte Guelfa,9.5,411,159,Hotel,0.7,San Lorenzo,True,159.0
Classic Hotel,8.3,309,138,Hotel,1.6,Piazzale Michelangelo,True,138.0
SPIRIT OF FLORENCE Boutique Rooms,9.6,11,80,Hotel,0.7,San Frediano,True,80.0
House Steccuto,5.5,146,46,Hotel,3.5,Rifredi,True,46.0
Apartment Pink21,8.6,83,89,Apartment,1.8,Not specified,True,89.0
Kos,8.9,28,65,Hotel,2.2,Rifredi,True,65.0
Soggiorno Michelangelo,8.5,86,94,Hotel,1.7,Campo di Marte,True,94.0
Pinzochere Suite,6.3,11,117,Apartment,0.8,Santa Croce,True,117.0
room in private apartment,9.1,12,53,Hotel,1.9,Rifredi,False,53.0
Alderotti Home,9.0,249,83,Hotel,3.1,Rifredi,True,83.0
Appartamento a due passi dal Duomo,8.3,52,111,Apartment,0.7,San Marco - Santissima Annunziata,True,111.0
iH Hotels Firenze Select Executive Residence,6.6,41,70,Hotel,1.9,Porta al Prato,True,70.0
Appuntamento a Ponte Vecchio,8.7,72,107,Apartment,0.5,Uffizi,True,107.0
MEL Affittacamere,8.2,138,51,Hotel,3.3,Novoli - San Donato,True,51.0
Hotel Giglio,8.9,193,99,Hotel,1.2,San Marco - Santissima Annunziata,True,99.0
Bed & Breakfast Il Bargello,9.3,170,167,Apartment,0.3,Uffizi,True,167.0
Room in Shared Apartment 2,6.9,8,86,Hotel,3.3,Campo di Marte,True,86.0
Appartamenti San Marco Firenze,9.0,31,152,Apartment,0.8,San Marco - Santissima Annunziata,False,152.0
Black 5 Florence,8.4,278,138,Hotel,0.6,Uffizi,True,138.0
Appartamento Girasole,8.0,54,102,Apartment,0.6,San Frediano,True,102.0
Albergo Sonia,7.7,169,63,Hotel,3.0,Rifredi,True,63.0
Affitta camere Calderaro,8.9,70,68,Hotel,5.2,Not specified,True,68.0
CHIANTI'S INN Trebbiano,7.8,4,60,Hotel,1.2,San Marco - Santissima Annunziata,True,60.0
Dreamy Brunelleschi Gabri,8.9,35,198,Apartment,0.8,San Marco - Santissima Annunziata,True,198.0
Apartment Zeus,8.6,72,108,Apartment,0.9,San Marco - Santissima Annunziata,True,108.0
Oasis in the heart of Florence,9.5,4,161,Apartment,0.5,Uffizi,True,161.0
Palazzo Capponi,9.3,201,152,Apartment,0.6,Centro storico di Firenze,True,152.0
La Casa Di Betta,9.4,75,143,Apartment,0.2,Duomo,True,143.0
Al Palazzo del Marchese di Camugliano Residenza d'Epoca,9.4,306,247,Apartment,0.4,Tornabuoni,True,247.0
Risveglio a Firenze Apartments,7.4,33,112,Apartment,0.5,Uffizi,True,112.0
Tornabuoni Suites Collection Residenza D'Epoca,9.5,387,238,Hotel,0.2,Tornabuoni,True,238.0
Hotel degli Orafi,9.2,729,264,Hotel,0.4,Uffizi,True,264.0
Soggiorno Pezzati,8.9,377,86,Hotel,0.8,San Lorenzo,True,86.0
Santa Croce apt,9.3,65,253,Apartment,0.5,Uffizi,True,253.0
Althea Rooms,9.0,350,70,Hotel,1.0,San Frediano,True,70.0
Corsini Tintori Guest House,8.5,26,87,Hotel,0.7,Santa Croce,True,87.0
signoria suite,9.1,18,259,Apartment,0.5,Uffizi,False,259.0
Art inn Florence,8.4,51,68,Hotel,1.4,Fortezza da Basso,True,68.0
Michelangelo's Relais,8.2,405,56,Hotel,1.0,Santa Croce,True,56.0
Gmax Guelfa Apartments,7.2,72,96,Apartment,0.8,Centro storico di Firenze,True,96.0
Annabella Hotel,7.2,180,72,Hotel,0.7,Centro storico di Firenze,True,72.0
B&B Soggiorno Ponte Rosso,8.0,333,73,Bed&Breakfast,1.8,Campo di Marte,True,73.0
Heart of Florence gli Artisti Ponte Vecchio,8.3,53,143,Apartment,0.6,Centro storico di Firenze,True,143.0
Gianburrasca,9.2,59,88,Hotel,2.1,Campo di Marte,True,88.0
Ponte Vecchio & Maggio Jewel Loft,8.1,8,88,Apartment,0.6,San Frediano,True,88.0
Appartamento Lily,8.1,58,114,Apartment,0.4,San Frediano,True,114.0
Alloro Maison,7.4,12,149,Apartment,0.3,San Lorenzo,True,149.0
Piazza Signoria View,9.4,65,161,Apartment,0.3,Uffizi,True,161.0
Torre a Cona Wine Estate,8.9,43,122,Hotel,12.1,Not specified,True,122.0
Villino Amelia,8.5,24,123,Apartment,2.3,Not specified,True,123.0
Soggiorno Venere,8.2,115,68,Hotel,0.8,Centro storico di Firenze,True,68.0
New Hostel Florence,6.8,257,101,Hotel,1.3,Fortezza da Basso,True,101.0
Industia Loft Apartment,7.9,108,122,Apartment,1.7,Fortezza da Basso,True,122.0
Lusa’s garden house,7.6,44,120,Apartment,2.7,Porta al Prato,True,120.0
San Niccolo',0.0,0,68,Hotel,1.1,Centro storico di Firenze,True,68.0
ALLOGGIO ANNA,6.2,5,44,Hotel,3.8,Novoli - San Donato,True,44.0
VELLUTI Suite in Florence,9.2,3,173,Apartment,0.6,San Frediano,True,173.0
White and pink rooms,8.5,127,48,Hotel,4.2,Novoli - San Donato,True,48.0
Ghibellina 22 Apartment,9.6,25,158,Apartment,1.1,Santa Croce,True,158.0
Soggiorno Fortezza Fiorentina,8.3,87,62,Hotel,1.2,Fortezza da Basso,True,62.0
Relais Campanile Adelaide,9.1,17,128,Apartment,0.4,Duomo,True,128.0
La casa di Otto,9.5,109,141,Apartment,1.8,Not specified,True,141.0
B&B IL TABERNACOLO,9.5,105,65,Bed&Breakfast,2.5,Lungarno del Tempio,True,65.0
Two-Bedroom close to Mercato Centrale,6.8,41,147,Apartment,1.1,Centro storico di Firenze,True,147.0
Appartamento Montanelli,9.4,17,148,Apartment,0.8,Centro storico di Firenze,True,148.0
CozyandCalm,8.2,80,51,Hotel,2.2,Porta al Prato,True,51.0
Wine Apartments Florence Vernaccia,8.4,71,159,Apartment,0.5,Centro storico di Firenze,True,159.0
La casa di Catia,9.2,53,71,Hotel,3.7,Novoli - San Donato,True,71.0
Firenze Rooms Cathedral B&B,7.9,25,86,Bed&Breakfast,0.3,Duomo,True,86.0
Mamo Florence - Scala Apartment,7.8,15,142,Apartment,1.0,Centro storico di Firenze,True,142.0
Delizioso Bilocale Fiorentino,9.3,30,75,Apartment,2.3,Rifredi,True,75.0
Metropolitan Loft in Florence,9.6,5,80,Apartment,1.6,Lungarno del Tempio,True,80.0
La Rosa Townhouse,9.5,52,128,Hotel,1.3,Not specified,True,128.0
Four Seasons Hotel Firenze,9.4,269,1055,Hotel,1.2,San Marco - Santissima Annunziata,True,1055.0
La Santissima,8.8,49,119,Apartment,0.7,San Marco - Santissima Annunziata,True,119.0
[DUOMO LUXURY] Appartamento elegante con balcone,10.0,4,138,Apartment,0.5,Santa Maria Novella,True,138.0
Firenze Rentals Guelfa Suite,8.7,24,114,Other,0.7,San Lorenzo,True,114.0
Iris Florentina,7.8,62,59,Hotel,1.2,Santa Maria Novella,True,59.0
Apartment Promenade,6.8,5,83,Hotel,0.5,Centro storico di Firenze,True,83.0
cozy private room,7.1,11,93,Hotel,0.6,San Lorenzo,True,93.0
Giselle Suite - Brand new flat in Santa Maria Novella,9.6,23,124,Apartment,0.7,Santa Maria Novella,True,124.0
Oltrarno 1881 Apartments,9.2,18,122,Apartment,1.0,San Frediano,True,122.0
Mosca Cieca,9.1,24,124,Apartment,0.5,Uffizi,True,124.0
Florence Oasis,8.5,55,76,Hotel,0.5,San Lorenzo,True,76.0
Parlagio,5.3,7,112,Apartment,0.4,Uffizi,True,112.0
Simple Station Stay,8.8,59,127,Apartment,0.9,Santa Maria Novella,True,127.0
Hotel Benivieni,8.2,54,120,Hotel,0.2,Duomo,True,120.0
Apartments La Borsa,9.5,108,159,Apartment,0.2,Uffizi,True,159.0
Wonderful Romantic Studio Ponte Vecchio Area,8.3,3,174,Apartment,0.6,San Frediano,True,174.0
Tra i Tetti Florence Apartment,9.0,4,105,Apartment,0.2,Tornabuoni,True,105.0
La casa sul Duomo,9.2,11,160,Apartment,0.4,Duomo,True,160.0
Viktoria's Duomo Luxury Apartment,8.3,52,998,Apartment,0.5,Duomo,True,998.0
Casa Melissa,9.2,4,77,Apartment,4.1,Rifredi,True,77.0
Mamo Florence - Santa Croce Apartment,9.5,4,190,Apartment,0.6,Uffizi,True,190.0
Mamo Florence - San Marco Apartment,8.5,6,202,Apartment,0.8,San Marco - Santissima Annunziata,True,202.0
Oltrarno Apartment,10.0,3,367,Apartment,1.0,San Frediano,True,367.0
Studio in Firenze with WiFi,0.0,0,267,Apartment,1.6,Lungarno del Tempio,True,267.0
Villa Lia - Apartment in Villa with private garden and Pool,0.0,0,288,Other,2.1,Piazzale Michelangelo,True,288.0
Appartamento Uffizi,0.0,0,196,Apartment,0.4,Uffizi,True,196.0
Melchiorre home,0.0,0,246,Apartment,1.9,Rifredi,True,246.0
Splendido appartamento con balcone vicino al ristorante,0.0,0,373,Apartment,4.9,Not specified,True,373.0
B&B Soggiorno Battistero,8.9,776,240,Bed&Breakfast,0.2,Duomo,False,240.0
Casa per Ferie Regina Santo Rosario,8.6,383,122,Hotel,1.0,San Marco - Santissima Annunziata,True,122.0
My Friends,9.1,1658,52,Other,0.9,Centro storico di Firenze,True,52.0
Affitta camere Mimi family,7.3,43,56,Other,0.8,Centro storico di Firenze,True,56.0
On Top of the world,0.0,0,308,Apartment,1.5,Piazzale Michelangelo,True,308.0
Faceroom,8.4,81,75,Hotel,0.9,Santa Maria Novella,True,75.0
Appartamento Mughetto,8.0,79,101,Apartment,0.6,San Frediano,True,101.0
Studio for 4 persons,0.0,0,84,Apartment,1.2,Fortezza da Basso,True,84.0
Studio for 4 persons near central station of Santa Maria Novella,0.0,0,96,Apartment,1.2,Fortezza da Basso,True,96.0
Churchside Flat,9.3,28,108,Apartment,0.8,San Frediano,True,108.0
Studio double occupancy,0.0,0,74,Apartment,1.2,Fortezza da Basso,True,74.0
Casa Santa Maria Novella,9.2,4,104,Holiday Home,0.6,Santa Maria Novella,True,104.0
L'Acchiappasogni,8.7,293,71,Hotel,2.1,Rifredi,True,71.0
Casa Santa Caterina,9.3,34,113,Holiday Home,0.5,Centro storico di Firenze,True,113.0
Giulietta Suite - Brand New flat in Santa Maria Novella,9.4,17,134,Apartment,0.7,Santa Maria Novella,True,134.0
Bed and Breakfast Orsini,7.6,44,74,Hotel,3.6,Not specified,True,74.0
Magnoli The X,8.6,8,115,Apartment,0.6,Centro storico di Firenze,True,115.0
Santa Monaca 23,7.4,75,129,Apartment,0.8,San Frediano,True,129.0
Hotel Fani,6.2,231,83,Hotel,0.7,San Lorenzo,True,83.0
Relais Duomo Adelaide,8.9,86,122,Apartment,0.4,Duomo,True,122.0
Firenze Rentals Uffizi,8.6,16,99,Apartment,0.5,Uffizi,True,99.0
Pier Capponi Apartament,9.7,34,160,Apartment,1.4,Campo di Marte,True,160.0
Florence Charming Apartments - Via Avelli. 4,9.0,7,144,Apartment,0.5,Santa Maria Novella,True,144.0
Il Violino,7.8,26,96,Apartment,1.7,Campo di Marte,True,96.0
Brunelleschi,9.5,4,186,Apartment,0.3,Duomo,True,186.0
Piaggione Apt. Case Galante Apartments in Florence,8.6,4,182,Apartment,0.9,San Frediano,True,182.0
B&B La Piazza,9.4,45,85,Bed&Breakfast,2.9,Rifredi,True,85.0
Tornabuoni La Petite Suite,0.0,0,112,Hotel,0.3,Tornabuoni,True,112.0
Laurenziana Apartment,10.0,8,194,Apartment,0.3,San Lorenzo,True,194.0
Easy Stay 3 Minutes Walk From Smn Station,0.0,0,108,Hotel,1.2,Fortezza da Basso,False,108.0
Historical J&D,9.2,10,170,Apartment,0.8,San Marco - Santissima Annunziata,True,170.0
Parterre Holidays,8.8,23,143,Apartment,1.7,Campo di Marte,True,143.0
Deluxe Apartment in the centre of Florence,8.3,3,142,Apartment,0.8,San Marco - Santissima Annunziata,True,142.0
SAN LORENZO LUXURY APARTMENT,8.0,9,117,Apartment,0.5,San Lorenzo,True,117.0
Scala,0.0,0,229,Apartment,0.8,Santa Maria Novella,True,229.0
Casanova Lux Ground Floor Apt,0.0,0,121,Apartment,1.4,Centro storico di Firenze,True,121.0
Buonincontro Apartment,0.0,0,180,Holiday Home,3.5,Rifredi,True,180.0
Casale Giocondo,0.0,0,123,Holiday Home,5.8,Not specified,True,123.0
Relais Florence,8.7,245,208,Hotel,0.9,Santa Maria Novella,True,208.0
Cherubini Apartment With Frescoes,0.0,0,206,Apartment,0.6,Santa Croce,True,206.0
Residenza MONNA LISA,8.8,4,1028,Apartment,0.6,San Lorenzo,True,1028.0
Splendida vista sui tetti di Firenze,0.0,0,145,Apartment,0.4,San Lorenzo,True,145.0
L'ANTICO GIGLIO - lift. A/C. free Wi-Fi,7.3,5,166,Apartment,0.4,San Frediano,True,166.0
Pergola White Loft,0.0,0,264,Apartment,0.7,San Marco - Santissima Annunziata,True,264.0
Dimora Palanca,0.0,0,450,Hotel,1.2,Santa Maria Novella,True,450.0
Suite di Medici Loft 8,0.0,0,467,Apartment,0.1,Centro storico di Firenze,False,467.0
A touch of History. in Santa Reparata,0.0,0,211,Apartment,1.0,Centro storico di Firenze,True,211.0
Apartment with one bedroom in Firenze with WiFi,0.0,0,238,Apartment,2.3,Rifredi,True,238.0
chiave di sol,0.0,0,101,Hotel,1.7,Lungarno del Tempio,True,101.0
Suite di Medici Loft 4,0.0,0,430,Apartment,0.1,Duomo,False,430.0
Premiere Apartments Ponte Vecchio,0.0,0,673,Apartment,0.5,Centro storico di Firenze,False,673.0
SANTO SPIRITO apartment in Florence,0.0,0,212,Apartment,0.5,San Frediano,True,212.0
Apartment with 3 bedrooms in Firenze with furnished balcony and WiFi,0.0,0,485,Apartment,1.4,Porta al Prato,True,485.0
Florence Shanti Suite - Oasi di pace e relax,9.5,16,133,Apartment,1.1,Piazzale Michelangelo,True,133.0
Oltrarno 9,9.0,9,178,Apartment,0.8,San Frediano,True,178.0
La Torricella,8.9,20,217,Apartment,0.9,Santa Croce,True,217.0
Mamo Florence - Leopoldo Apartment,0.0,0,248,Apartment,1.2,Not specified,True,248.0
Meadow Forty-Five,9.1,10,202,Apartment,1.1,Centro storico di Firenze,True,202.0
Tuscan Sun Studios,0.0,0,120,Apartment,1.4,Lungarno del Tempio,True,120.0
Firenze Rentals Suite Cavour,9.1,23,127,Apartment,0.5,San Marco - Santissima Annunziata,True,127.0
Duchess Boutique de Charme,9.4,48,177,Hotel,4.2,Not specified,True,177.0
B&B DUE ABETI,8.7,42,94,Bed&Breakfast,4.6,Not specified,True,94.0
Ricorboli apt TWO,0.0,0,156,Apartment,1.9,Piazzale Michelangelo,True,156.0
Zula Affittacamere,9.0,54,118,Hotel,2.6,Campo di Marte,True,118.0
Mamo Florence - Binario9 Terrace Apartment,8.6,23,171,Apartment,1.3,Fortezza da Basso,True,171.0
Residenza Leone,9.4,24,127,Hotel,4.2,Novoli - San Donato,True,127.0
Attichino Loft in Florence Near Station,0.0,0,174,Apartment,2.1,Rifredi,True,174.0
Relais Martinez Florence,8.0,38,321,Apartment,0.5,San Marco - Santissima Annunziata,True,321.0
Raggio di Sole,9.3,29,136,Apartment,1.9,Rifredi,True,136.0
Bohémienne Penthouse,9.5,17,267,Apartment,0.8,Santa Croce,True,267.0
La reggia di Luigi e Thierry,0.0,0,212,Apartment,1.1,San Frediano,True,212.0
Mamo Florence - Magazzini Apartment,8.8,6,255,Apartment,0.3,Uffizi,True,255.0
Vittoria House,9.5,4,122,Apartment,1.7,Not specified,True,122.0
Leonardo's Signoria Flat,8.6,6,172,Apartment,0.2,Uffizi,True,172.0
Fornace Suite,9.5,16,292,Hotel,1.6,Piazzale Michelangelo,True,292.0
Lucia's home,9.3,25,137,Apartment,2.5,Porta al Prato,True,137.0
Le Residenze a Firenze - Residenza Benizzi Luxury guest house in the center of Florence,9.4,15,143,Hotel,0.6,San Frediano,True,143.0
Casa Olivia,8.8,56,73,Apartment,2.9,Not specified,True,73.0
Wine Apartments Florence Ancellotta,8.7,98,187,Apartment,0.9,San Frediano,True,187.0
Mamo Florence - Cavour Apartments,0.0,0,238,Apartment,1.1,San Marco - Santissima Annunziata,True,238.0
Silent Room,6.5,42,88,Apartment,0.5,Duomo,True,88.0
Camplus Guest Firenze,0.0,0,60,Hotel,1.6,Fortezza da Basso,True,60.0
Loft Pinti,0.0,0,98,Apartment,0.8,San Marco - Santissima Annunziata,True,98.0
Suite La Certosa,9.0,78,124,Apartment,4.8,Not specified,True,124.0
Scala Apartments,8.4,72,120,Apartment,0.7,Santa Maria Novella,False,120.0
Finestra sul Duomo,9.5,44,126,Apartment,0.4,Duomo,True,126.0
Boccaccio 54,8.6,22,109,Apartment,2.5,Campo di Marte,True,109.0
B&B Antica Posta,8.8,101,103,Bed&Breakfast,1.5,Fortezza da Basso,True,103.0
Firenze Rentals Ponte Vecchio Flat,9.2,11,128,Apartment,0.3,Uffizi,True,128.0
Soggiorno Primavera,8.2,113,86,Hotel,1.3,Fortezza da Basso,True,86.0
Appartamento accogliente e luminoso SELF CHECK-IN,9.7,15,107,Apartment,3.5,Campo di Marte,True,107.0
Pietrapiana34 Boutique Apartments,9.9,17,162,Apartment,0.8,Centro storico di Firenze,True,162.0
Villa Alle Rampe,8.8,63,94,Hotel,1.6,Piazzale Michelangelo,True,94.0
Mamo Florence - GM Apartment,0.0,0,205,Apartment,0.8,San Marco - Santissima Annunziata,True,205.0
B&B In Centro,8.6,14,71,Bed&Breakfast,1.7,Not specified,True,71.0
Didi House,9.6,31,115,Apartment,3.3,Novoli - San Donato,True,115.0
Visconte Apartment,0.0,0,192,Holiday Home,3.5,Rifredi,True,192.0
Signoria Place,8.9,9,228,Apartment,0.2,Uffizi,True,228.0
Casa con Vista su Firenze,0.0,0,126,Apartment,5.5,Not specified,True,126.0
Mamo Florence - Sophia Apartment,8.7,6,363,Apartment,0.3,Uffizi,True,363.0
Heart of Florence Loft Porcellino,6.8,16,136,Apartment,0.2,Uffizi,True,136.0
AFFITTACAMERE IMPERIALE,9.4,16,95,Hotel,3.2,Not specified,True,95.0
Casa Michelangelo - Tintori apt,0.0,0,155,Apartment,0.7,Santa Croce,True,155.0
La Casa di Lucia - Firenze,0.0,0,139,Apartment,7.5,Novoli - San Donato,True,139.0
Incantevole e Rilassante Terratetto,0.0,0,151,Holiday Home,3.0,Rifredi,True,151.0
Florence cottage,0.0,0,198,Apartment,2.8,Rifredi,True,198.0
Art Suite Ponte Vecchio,8.5,10,518,Apartment,0.7,Centro storico di Firenze,False,518.0
Montebello Pisa,0.0,0,75,Apartment,1.2,Centro storico di Firenze,True,75.0
Loft il Guelfo,9.0,56,152,Apartment,1.0,Santa Croce,True,152.0
B&B - Suites De' Medici,0.0,0,103,Bed&Breakfast,1.2,San Frediano,True,103.0
Conte Canacci,9.8,39,127,Apartment,0.7,Santa Maria Novella,True,127.0
Fossi tower,8.7,25,175,Apartment,0.5,Santa Maria Novella,True,175.0
La Casa Bianca,9.3,11,123,Apartment,0.9,San Frediano,True,123.0
Boboli Frescoes,0.0,0,159,Apartment,1.0,San Frediano,True,159.0
Residenza Millennium,6.9,67,78,Hotel,0.9,Santa Maria Novella,True,78.0
La Cupola Guest House,6.1,7,97,Apartment,7.5,Novoli - San Donato,True,97.0
Rodolfo Suite,8.6,21,172,Apartment,0.8,Santa Maria Novella,True,172.0
San Niccolò alle Mura - Rive Gauche Apartments Silla Apts,0.0,0,169,Apartment,1.0,Centro storico di Firenze,True,169.0
Luxury Apartment in San Niccolò,9.0,3,113,Apartment,1.0,Centro storico di Firenze,True,113.0
Colorful Pied-à-Terre _ Via Gioberti,0.0,0,153,Apartment,2.0,Lungarno del Tempio,True,153.0
Guelfi e Ghibellini,0.0,0,111,Apartment,0.7,San Lorenzo,True,111.0
Nilhotel,8.4,1180,109,Hotel,3.7,Novoli - San Donato,True,109.0
Hotel Bologna,8.6,973,81,Hotel,1.7,Lungarno del Tempio,True,81.0
B&B Locanda Il Salimbecco,8.1,344,88,Bed&Breakfast,0.4,San Lorenzo,True,88.0
Ostello Tasso,8.5,253,60,Hotel,1.3,Not specified,True,60.0
Hotel Paris,8.3,3263,98,Hotel,0.3,Tornabuoni,True,98.0
Hotel Aline,7.9,604,55,Hotel,0.9,Centro storico di Firenze,True,55.0
Residenza Conte di Cavour & Rooftop,8.5,244,92,Hotel,0.7,San Marco - Santissima Annunziata,True,92.0
Residenza Castiglioni,8.6,237,110,Hotel,0.3,San Lorenzo,True,110.0
Messori Suites,9.2,681,122,Hotel,1.7,Campo di Marte,True,122.0
Hotel Golf,8.0,1126,99,Hotel,1.2,Santa Maria Novella,True,99.0
Hotel Meridiana,7.7,620,89,Hotel,1.8,Campo di Marte,True,89.0
B&B Repubblica,8.8,550,112,Bed&Breakfast,0.0,Centro storico di Firenze,True,112.0
Relais Dante e Beatrice,8.3,699,85,Hotel,1.2,San Marco - Santissima Annunziata,True,85.0
Corte Passi Florence,8.2,330,74,Hotel,1.3,Fortezza da Basso,True,74.0
Blu Notte Guest House,9.0,503,99,Hotel,0.8,Santa Croce,True,99.0
Hotel la Scala,8.7,382,151,Hotel,0.6,Santa Maria Novella,True,151.0
Foresteria Valdese di Firenze,8.4,656,91,Hotel,0.9,San Frediano,True,91.0
Hotel Annalena,8.5,944,99,Hotel,1.1,San Frediano,True,99.0
Il Gattopardo B&B,8.2,966,86,Bed&Breakfast,0.2,Uffizi,True,86.0
B&B Arco Antico,8.7,287,89,Bed&Breakfast,0.9,Centro storico di Firenze,True,89.0
Casa Santo Nome di Gesu,8.2,1097,105,Hotel,0.9,San Frediano,True,105.0
Le Casine di Firenze,8.1,302,85,Hotel,2.4,Campo di Marte,True,85.0
Hotel Cestelli,9.0,343,76,Hotel,0.3,Tornabuoni,True,76.0
Coco Places Soggiorno Panerai. Centro Storico,9.0,441,92,Hotel,0.7,San Marco - Santissima Annunziata,True,92.0
NH Collection Palazzo Gaddi,9.1,492,258,Hotel,0.4,San Lorenzo,True,258.0
B&B Relais Tiffany,9.4,271,67,Bed&Breakfast,1.2,Fortezza da Basso,True,67.0
Hotel Victoria,7.6,1537,80,Hotel,0.7,San Lorenzo,True,80.0
Dimora Bandinelli,9.3,354,102,Hotel,1.8,Not specified,True,102.0
Hotel Londra - Firenze,8.0,2088,99,Hotel,1.0,Santa Maria Novella,True,99.0
Hotel Andrea,7.4,1349,66,Hotel,1.0,Centro storico di Firenze,True,66.0
B&B Le Stanze del Duomo,8.8,4352,87,Bed&Breakfast,0.4,Duomo,True,87.0
PICCOLO HOTEL !! Ɲel Ƈentro Ɗi Ƒirenze !! !!! Colazione Inclusa !!!,7.8,551,83,Hotel,1.0,San Marco - Santissima Annunziata,True,83.0
Borgo Oblate,8.7,193,104,Hotel,0.7,San Marco - Santissima Annunziata,True,104.0
Residenza D'Epoca La Basilica,9.3,911,127,Hotel,0.3,Duomo,True,127.0
TSH Florence Lavagnini,8.9,3848,133,Hotel,1.2,Fortezza da Basso,True,133.0
Atelier Cosseria,8.9,371,75,Hotel,1.5,Fortezza da Basso,True,75.0
Le stanze di caterina,7.8,84,113,Hotel,0.2,Duomo,True,113.0
Soggiorno Annamaria,8.1,98,88,Hotel,0.5,San Lorenzo,True,88.0
The Westin Excelsior. Florence,8.7,160,496,Hotel,0.7,Santa Maria Novella,True,496.0
BandBFirenze 8 Cittadella 8,9.6,269,97,Hotel,1.3,Fortezza da Basso,True,97.0
Forte16 View & SPA,9.1,1663,152,Apartment,1.4,Lungarno del Tempio,True,152.0
Dante e Beatrice,8.2,180,138,Other,0.5,San Lorenzo,True,138.0
Palazzo dei Ciompi Suites,7.5,398,130,Hotel,0.9,Santa Croce,True,130.0
La Fonderia Firenze,9.3,421,106,Hotel,1.4,Not specified,True,106.0
Hotel Botticelli,8.3,810,149,Hotel,0.6,San Lorenzo,True,149.0
Bronze Horse,8.6,405,70,Hotel,0.3,Uffizi,True,70.0
Residenza d'Epoca Palazzo Galletti,8.4,294,121,Hotel,0.6,Centro storico di Firenze,True,121.0
Duomo Palace,8.6,191,105,Hotel,0.1,Duomo,True,105.0
Relais Lavagnini Florence,7.8,459,80,Hotel,1.4,Fortezza da Basso,True,80.0
Ottantotto Firenze,9.4,157,188,Hotel,1.0,Centro storico di Firenze,True,188.0
Hotel Glance In Florence,9.2,1006,182,Hotel,0.7,San Lorenzo,True,182.0
Accademia Studio,8.7,492,90,Apartment,0.6,San Marco - Santissima Annunziata,True,90.0
B&B Marbò Florence,8.2,539,78,Bed&Breakfast,1.0,Santa Maria Novella,True,78.0
Le Tre Orchidee Florence,9.4,380,73,Hotel,2.9,Rifredi,False,73.0
Hotel Le Due Fontane,7.9,887,108,Hotel,0.7,San Marco - Santissima Annunziata,True,108.0
Corte Calzaiuoli Elegant Suites,9.8,557,217,Hotel,0.1,Uffizi,True,217.0
Hotel Caravaggio,8.5,504,98,Hotel,0.8,San Lorenzo,True,98.0
Boutique B&B Antica Johlea,9.5,205,207,Bed&Breakfast,1.2,San Marco - Santissima Annunziata,True,207.0
Auto Park Hotel con Ristorante interno e PARCHEGGIO INTERNO GRATUITO!!!,7.2,1290,79,Hotel,4.0,Novoli - San Donato,True,79.0
B&B Di Piazza Del Duomo,8.9,286,127,Bed&Breakfast,0.4,Duomo,True,127.0
Hotel Duca D'Aosta,8.2,520,79,Hotel,0.8,Centro storico di Firenze,True,79.0
NH Firenze,8.4,1588,168,Hotel,1.5,Centro storico di Firenze,True,168.0
Villa Nardi - Residenza D'Epoca,8.9,484,150,Hotel,1.8,Piazzale Michelangelo,True,150.0
Uffizi Harmony,9.4,374,103,Hotel,0.5,Uffizi,True,103.0
Hotel Emma Small Luxury Hotel,8.9,534,110,Hotel,2.1,Campo di Marte,True,110.0
Hotel L'Orologio,9.3,895,243,Hotel,0.5,Santa Maria Novella,True,243.0
Hotel Luxor Florence,8.7,324,118,Hotel,1.2,Fortezza da Basso,True,118.0
Hotel Silla,8.7,470,128,Hotel,0.9,Centro storico di Firenze,True,128.0
iH Hotels Firenze Select,7.2,775,52,Hotel,1.9,Porta al Prato,True,52.0
CoDe Rooms,8.8,751,72,Hotel,0.5,Uffizi,True,72.0
Melody House,8.6,577,59,Hotel,1.2,Not specified,True,59.0
Hotel Magenta,8.6,1483,94,Hotel,0.9,Santa Maria Novella,True,94.0
B&B De Biffi,8.8,351,117,Bed&Breakfast,0.4,Duomo,True,117.0
Mh Florence Hotel & Spa,8.6,1219,153,Hotel,1.1,Santa Maria Novella,True,153.0
B&B Residenza San Gallo 79,9.2,426,88,Bed&Breakfast,1.1,San Marco - Santissima Annunziata,True,88.0
Aramis Rooms,8.9,587,97,Hotel,0.7,San Lorenzo,True,97.0
Boutique Hotel Hugo,9.3,651,125,Hotel,1.1,San Marco - Santissima Annunziata,True,125.0
GOGO` Boutique Hotel,8.6,104,103,Hotel,1.2,Centro storico di Firenze,True,103.0
Luxury B&B La Dimora Degli Angeli,9.0,957,116,Bed&Breakfast,0.1,Duomo,True,116.0
Hotel La Scaletta,8.7,1560,125,Hotel,0.6,San Frediano,True,125.0
Ridolfi Guest House,8.7,382,98,Hotel,1.0,Centro storico di Firenze,True,98.0
Residenza Delle Arti,9.3,270,504,Hotel,0.2,Uffizi,True,504.0
Affittacamere Benedetta,8.9,206,118,Hotel,1.2,Centro storico di Firenze,True,118.0
Villa Le Fontanelle - Residenza d'Epoca,9.4,277,199,Hotel,4.4,Rifredi,True,199.0
La Fattoressa,9.3,256,147,Hotel,5.1,Not specified,True,147.0
Ulivi di Castello,9.4,126,107,Hotel,6.1,Not specified,True,107.0
Eden Rock Resort,9.3,273,180,Hotel,5.1,Not specified,True,180.0
Ville Sull'Arno,9.0,854,289,Hotel,2.5,Lungarno del Tempio,True,289.0
Lo Sdrucciolo,9.4,64,118,Apartment,5.5,Novoli - San Donato,True,118.0
Borgo Apartment,9.4,16,224,Apartment,0.7,Santa Maria Novella,True,224.0
Le stanze di Carla! Bagno privato. cucina in comune,9.0,63,152,Hotel,2.9,Not specified,True,152.0
Accanto al Duomo,9.3,46,95,Hotel,0.1,Duomo,True,95.0
Locanda dei Poeti Rooms & Apartments,8.9,108,97,Hotel,0.8,Centro storico di Firenze,True,97.0
AdAstra Suites,9.3,187,329,Hotel,1.0,San Frediano,True,329.0
Principi Apartment,8.6,21,188,Apartment,0.5,San Lorenzo,True,188.0
Giuliani Home,9.1,169,88,Hotel,3.1,Rifredi,True,88.0
Dimora Del Magnifico,9.0,149,64,Hotel,3.0,Not specified,True,64.0
B&B PALAZZI,9.4,101,92,Bed&Breakfast,5.0,Not specified,True,92.0
Florence Art Apartments,9.5,151,168,Apartment,0.5,San Marco - Santissima Annunziata,True,168.0
The Place Firenze,9.5,123,668,Hotel,0.4,Santa Maria Novella,True,668.0
La Petite Maison,9.3,80,113,Hotel,1.8,Campo di Marte,True,113.0
Il Valentino Luxury Houses,9.6,201,263,Holiday Home,1.3,San Marco - Santissima Annunziata,True,263.0
B&B La Nannina,9.5,137,117,Bed&Breakfast,1.0,Santa Maria Novella,True,117.0
NH Collection Firenze Porta Rossa,9.1,1210,366,Hotel,0.2,Tornabuoni,True,366.0
Le Tre Lune Suites,8.4,399,112,Hotel,0.3,Tornabuoni,True,112.0
Residenza Della Signoria,9.5,166,142,Hotel,0.1,Uffizi,True,142.0
Tornabuoni View,9.4,433,155,Hotel,0.3,Tornabuoni,True,155.0
B&B Boccaccio Camere,8.8,227,97,Bed&Breakfast,3.0,Campo di Marte,True,97.0
Gemini Studios,7.5,442,75,Apartment,1.2,Fortezza da Basso,False,75.0
Hotel Bernini Palace,9.3,428,410,Hotel,0.3,Uffizi,True,410.0
Station Firenze,7.0,198,52,Hotel,1.0,Santa Maria Novella,True,52.0
Hotel Palazzo Vecchio,8.2,853,93,Hotel,0.8,Centro storico di Firenze,True,93.0
Hotel Boccaccio,9.0,701,118,Hotel,0.7,Santa Maria Novella,True,118.0
Hotel Camilla Firenze,8.8,35,97,Hotel,0.5,San Lorenzo,True,97.0
Wine Apartments Florence Vin Santo,0.0,0,169,Apartment,0.5,San Lorenzo,True,169.0
Via Roma 4 Home,0.0,0,167,Apartment,0.1,Duomo,True,167.0
BorgoDeGreci Apartments,9.2,153,158,Apartment,0.5,Uffizi,True,158.0
Hotel Nazionale,8.4,102,56,Hotel,0.6,San Lorenzo,True,56.0
Cavalieri Palace Luxury Residences,9.7,354,177,Apartment,0.1,Uffizi,True,177.0
Terrazza in borgo San Jacopo,9.3,76,67,Apartment,0.4,San Frediano,True,67.0
La Buena Vibra - A flat 4 Time Travelers!,9.5,26,59,Apartment,4.7,Not specified,True,59.0
B&B Alla Corte dei Medici,8.4,20,79,Bed&Breakfast,1.0,Centro storico di Firenze,True,79.0
Classic Style Apartment In Center,9.0,32,100,Apartment,0.7,Santa Maria Novella,True,100.0
Visit Florentia Apartment,9.0,11,73,Apartment,1.2,Santa Croce,True,73.0
Flamingo Florence Suite,9.6,19,110,Apartment,0.6,Santa Maria Novella,True,110.0
Silent Nest,7.1,58,61,Apartment,0.6,Duomo,True,61.0
B&B La Casa dei Tintori,9.4,182,112,Bed&Breakfast,0.7,Santa Croce,True,112.0
Antico Centro Suite,8.6,1271,109,Hotel,0.0,Uffizi,True,109.0
CX Florence Student & Explorer Place,9.0,12,70,Hotel,3.4,Rifredi,True,70.0
Adelaide House,9.1,200,122,Hotel,0.2,Duomo,True,122.0
Au Jardin de Florence,8.8,69,63,Hotel,1.3,Not specified,True,63.0
Berardi Palace - Vigna Nuova Apartment,9.3,82,111,Apartment,0.4,Tornabuoni,True,111.0
Hotel Rex,7.0,518,87,Hotel,0.4,San Lorenzo,True,87.0
Palazzo Martellini Residenza d'epoca,9.6,248,151,Hotel,0.6,San Frediano,True,151.0
Florence Shabby Chic Home,9.4,73,71,Hotel,5.2,Novoli - San Donato,True,71.0
FLOREST Guest House,9.4,98,85,Hotel,0.9,San Marco - Santissima Annunziata,True,85.0
B & B Eliana e Ristorante,9.7,188,103,Hotel,4.4,Novoli - San Donato,True,103.0
Duomo secret rooftop,9.2,25,278,Apartment,0.1,Uffizi,True,278.0
3B Bed & Breakfast Firenze Centro,9.5,163,97,Hotel,1.2,San Marco - Santissima Annunziata,True,97.0
Piazza Pitti Palace - Residenza d'Epoca,9.6,249,226,Hotel,0.8,San Frediano,True,226.0
Coco Places Firenze. Uffizi,9.1,38,116,Hotel,0.3,Uffizi,True,116.0
Hotel Rosso23,8.7,785,162,Hotel,0.4,Santa Maria Novella,True,162.0
Riva Lofts Florence,9.2,241,225,Apartment,2.4,Not specified,True,225.0
Novella Benedicta Apartments,8.7,137,113,Apartment,0.6,Santa Maria Novella,True,113.0
Amabilia Bed&Breakfast,9.3,65,168,Hotel,0.4,Tornabuoni,True,168.0
Florence Dream Domus,8.3,115,104,Hotel,0.6,San Lorenzo,True,104.0
Fattoria Il Milione Agriturismo,7.9,1050,90,Hotel,5.4,Not specified,True,90.0
Continentale - Lungarno Collection,8.9,351,456,Hotel,0.3,Uffizi,True,456.0
Cherubini Palace Thematic Apartment,9.7,300,204,Other,1.4,Centro storico di Firenze,True,204.0
Hotel Rosary Garden,9.0,144,118,Hotel,3.3,Not specified,True,118.0
La Luna Guest House,9.2,101,80,Hotel,1.5,Porta al Prato,True,80.0
Hotel Firenze Capitale,9.1,179,138,Hotel,1.4,San Marco - Santissima Annunziata,True,138.0
Le Fiorentine Boutique Apartments,9.4,419,227,Apartment,0.2,Uffizi,True,227.0
Hotel Cerretani Firenze - MGallery Collection,9.1,775,202,Hotel,0.3,San Lorenzo,True,202.0
Hotel Nella,9.2,748,90,Hotel,0.7,Centro storico di Firenze,True,90.0
Maison Alighieri,9.8,31,237,Apartment,0.7,Santa Croce,False,237.0
PROVENZALE CASA,9.6,13,118,Hotel,0.5,Tornabuoni,True,118.0
TOP POSITION IN FLORENCE,0.0,0,103,Hotel,0.1,Duomo,True,103.0
San Lorenzo Central Market View,8.4,15,95,Apartment,0.6,San Lorenzo,False,95.0
Hotel Romagna,8.1,1773,68,Hotel,0.3,San Lorenzo,True,68.0
Hotel Regina,6.7,857,55,Hotel,0.5,San Lorenzo,True,55.0
Class A New Apartment in Florence,0.0,0,123,Apartment,4.3,Not specified,True,123.0
Hotel Deco,7.3,1171,68,Hotel,0.3,Santa Maria Novella,True,68.0
Hotel Cosimo de' Medici,8.6,591,135,Hotel,0.6,San Lorenzo,True,135.0
Belle Donne Apartments,9.0,106,224,Apartment,0.3,Tornabuoni,True,224.0
TASSO MAISON,0.0,0,103,Apartment,1.1,San Frediano,True,103.0
L'Anfiteatro Nascosto,8.1,3,155,Apartment,0.5,Uffizi,True,155.0
Hotel Guelfa,6.2,410,87,Hotel,0.7,San Lorenzo,True,87.0
Pinzochere Family,5.8,4,120,Apartment,0.8,Santa Croce,True,120.0
Casa Betania casa per Ferie,9.2,63,117,Hotel,1.1,San Frediano,True,117.0
Soggiorna in un castello alle porte di Firenze,9.5,16,98,Apartment,4.5,Not specified,True,98.0
Firenze Rentals Suite Oche,9.2,32,127,Apartment,0.2,Duomo,True,127.0
Il Fiorino Suite,9.3,21,145,Apartment,0.6,San Marco - Santissima Annunziata,True,145.0
Il Verrocchio,8.1,580,61,Hotel,1.1,San Marco - Santissima Annunziata,True,61.0
The St Regis Florence,9.4,109,730,Hotel,0.7,Santa Maria Novella,True,730.0
Affittacamere Shabby old town,8.9,190,87,Hotel,0.4,Tornabuoni,True,87.0
Coco Places Firenze. Centro Storico,9.0,481,133,Apartment,0.8,Centro storico di Firenze,True,133.0
Sleep Tight Florence Apartment,8.3,651,82,Apartment,1.7,Porta al Prato,True,82.0
Palazzo Castri 1874,9.1,722,395,Hotel,0.8,San Lorenzo,True,395.0
Hotel Spadai,9.5,1276,244,Hotel,0.4,Duomo,True,244.0
B&B Santa Maria del Fiore,9.2,208,98,Bed&Breakfast,1.4,Lungarno del Tempio,True,98.0
Mamo Florence - Freedom Apartments,8.5,33,184,Apartment,1.5,Centro storico di Firenze,True,184.0
Villa Royal,8.8,2880,129,Hotel,1.2,Centro storico di Firenze,True,129.0
Hotel Bonifacio,8.6,636,289,Hotel,1.2,Centro storico di Firenze,True,289.0
Appartamenti Ruggini,8.0,70,118,Apartment,0.5,Uffizi,True,118.0
B&B Magnifico Messere,9.0,229,89,Bed&Breakfast,0.1,Duomo,True,89.0
La Farina Apartments,9.1,1470,118,Apartment,1.6,Campo di Marte,True,118.0
AQA Palace,9.7,612,178,Hotel,0.4,Uffizi,True,178.0
Le Nove Muse Guesthouse,9.5,262,80,Hotel,1.5,Fortezza da Basso,True,80.0
Gourmet B&B Villa Landucci,9.2,271,125,Bed&Breakfast,2.2,Not specified,True,125.0
Residence Leopoldo,9.3,193,113,Apartment,2.3,Rifredi,True,113.0
Il Salotto Di Firenze,9.1,240,102,Hotel,0.1,Duomo,True,102.0
Villa il Leone,9.6,320,137,Hotel,2.3,Not specified,True,137.0
Hotel Beatrice,8.6,227,114,Hotel,0.7,Centro storico di Firenze,True,114.0
La Filarocca B&B,8.6,184,73,Bed&Breakfast,2.7,Campo di Marte,False,73.0
Medici Soderini,9.5,125,148,Hotel,0.6,San Frediano,True,148.0
Uno Sguardo su Firenze,8.8,240,116,Hotel,0.3,Uffizi,True,116.0
FH55 Hotel Calzaiuoli,8.9,1516,190,Hotel,0.1,Uffizi,True,190.0
Florence Old Bridge B&B,8.4,805,108,Bed&Breakfast,0.5,San Frediano,True,108.0
Ghirlandaio Florence,9.0,297,83,Hotel,1.4,Centro storico di Firenze,True,83.0
Badia Fiorentina,8.9,292,99,Hotel,0.2,Uffizi,True,99.0
Residenza Johanna I,8.9,259,301,Hotel,1.2,Centro storico di Firenze,True,301.0
Hotel Berna,8.2,479,117,Hotel,0.6,San Lorenzo,True,117.0
Hilton Florence Metropole,8.2,1029,120,Hotel,5.2,Not specified,True,120.0
Florence David's Guesthouse,9.5,36,239,Apartment,0.7,San Lorenzo,True,239.0
Il Monasteraccio,9.6,191,89,Hotel,4.0,Not specified,True,89.0
I Parigi Corbinelli Residenze,9.4,590,109,Hotel,4.9,Not specified,True,109.0
Urban central Florence,6.0,165,44,Hotel,2.1,Lungarno del Tempio,True,44.0
Florence Suite,8.7,51,95,Apartment,0.8,San Lorenzo,True,95.0
Florentine Style Central Apartments,9.0,148,104,Apartment,0.4,Tornabuoni,True,104.0
numa l Vita Apartments,9.0,244,127,Apartment,1.7,Fortezza da Basso,True,127.0
Emanuele's house,9.3,107,128,Apartment,0.8,Santa Croce,True,128.0
G&G FIRENZE SUITES,9.8,89,122,Hotel,0.7,Centro storico di Firenze,True,122.0
Brigid b&b,9.1,192,80,Hotel,2.4,Campo di Marte,True,80.0
Affittacamere Novoli,6.9,829,55,Hotel,2.8,Novoli - San Donato,True,55.0
Il Diospero B&B,9.2,152,74,Bed&Breakfast,1.9,Fortezza da Basso,True,74.0
B&B Belfiore,8.8,99,63,Bed&Breakfast,1.4,Porta al Prato,True,63.0
Hotel Raffaello,8.0,329,84,Hotel,3.1,Rifredi,True,84.0
Berardi Palace - Vigna Nuova Loft,9.3,115,111,Apartment,0.4,Tornabuoni,True,111.0
Ponte Vecchio Suites & Spa,9.2,167,282,Apartment,0.5,San Frediano,True,282.0
